<?xml version="1.0" encoding="UTF-8"?>
<beans xmlns="http://www.springframework.org/schema/beans"
       xmlns:xsi="http://www.w3.org/2001/XMLSchema-instance"
       xmlns:jdbc="http://www.springframework.org/schema/jdbc"
       xsi:schemaLocation="http://www.springframework.org/schema/beans
       http://www.springframework.org/schema/beans/spring-beans-3.0.xsd
       http://www.springframework.org/schema/jdbc
       http://www.springframework.org/schema/jdbc/spring-jdbc.xsd">

  <!-- Exception translation bean post processor -->
  <bean class="org.springframework.dao.annotation.PersistenceExceptionTranslationPostProcessor"/>

  <!-- Hibernate db configuration -->
  <bean id="sessionFactory" class="org.springframework.orm.hibernate3.annotation.AnnotationSessionFactoryBean">
    <property name="packagesToScan">
      <!-- Keep this list in synch with {@link SchemaExporter} -->
      <array>
        <value>org.multibit.mbm.client.domain.model.model</value>
        <value>org.multibit.mbm.client.domain.model.pricing.rules</value>
      </array>
    </property>
    <property name="dataSource" ref="dataSource"/>
  </bean>

  <bean id="hibernateTemplate" class="org.springframework.orm.hibernate3.HibernateTemplate">
    <property name="sessionFactory" ref="sessionFactory"/>
  </bean>

  <!-- Configure a simple H2 connection as an embedded DataSource -->
  <jdbc:embedded-database type="H2" id="dataSource">
    <!-- Contents of the patch-schema.sql can be generated by {@link SchemaExporter} -->
    <jdbc:script location="classpath:/sql/0/patch-schema.sql"/>
    <jdbc:script location="classpath:/sql/0/patch-data.sql"/>
  </jdbc:embedded-database>

</beans>
