<?xml version="1.0" encoding="UTF-8"?>
<beans xmlns="http://www.springframework.org/schema/beans"
       xmlns:xsi="http://www.w3.org/2001/XMLSchema-instance"
       xmlns:context="http://www.springframework.org/schema/context"
       xmlns:twitter="http://www.springframework.org/schema/integration/twitter"
       xsi:schemaLocation="http://www.springframework.org/schema/integration/twitter
	      http://www.springframework.org/schema/integration/twitter/spring-integration-twitter-2.0.xsd
        http://www.springframework.org/schema/context
        http://www.springframework.org/schema/context/spring-context-3.0.xsd
        http://www.springframework.org/schema/beans 
        http://www.springframework.org/schema/beans/spring-beans-3.0.xsd">

  <!-- Send a DM to MultiBitMerchant -->
  <twitter:dm-outbound-channel-adapter twitter-template="twitterTemplate" channel="multibitmerchan"/>

  <context:property-placeholder location="mbm-twitter.properties"/>

  <bean id="twitterTemplate" class="org.springframework.integration.twitter.core.Twitter4jTemplate">
    <constructor-arg value="${twitter.oauth.consumerKey}"/>
    <constructor-arg value="${twitter.oauth.consumerSecret}"/>
    <constructor-arg value="${twitter.oauth.accessToken}"/>
    <constructor-arg value="${twitter.oauth.accessTokenSecret}"/>
  </bean>

</beans>